1Circle,CenterX,490.064,CenterY,36.3991,Radius,75.7771,Area,18030.4102970474,Perimeter,475.88018800000003
8Circle,CenterX,254.134,CenterY,439.289,Radius,82.3711,Area,21304.8940817594,Perimeter,517.290508
13Circle,CenterX,43.9437,CenterY,199.019,Radius,64.8755,Area,13215.727770785003,Perimeter,407.41814000000005
14Circle,CenterX,476.976,CenterY,341.994,Radius,97.439,Area,29812.286383939998,Perimeter,611.91692
16Circle,CenterX,8.91554,CenterY,7.6538,Radius,29.1824,Area,2674.0631550464004,Perimeter,183.26547200000002
26Circle,CenterX,302.63,CenterY,181.149,Radius,26.2461,Area,2163.0133827593995,Perimeter,164.82550799999999
45Circle,CenterX,143.116,CenterY,322.336,Radius,95.7558,Area,28791.203953629596,Perimeter,601.346424
47Circle,CenterX,283.424,CenterY,456.875,Radius,66.9254,Area,14064.0887786024,Perimeter,420.291512
53Circle,CenterX,338.602,CenterY,449.992,Radius,4.70509,Area,69.512917791434,Perimeter,29.547965200000004
65Circle,CenterX,291.881,CenterY,206.893,Radius,2.79884,Area,24.597206785184007,Perimeter,17.576715200000002
66Circle,CenterX,121.205,CenterY,4.85909,Radius,55.2492,Area,9584.768676009602,Perimeter,346.96497600000004
67Circle,CenterX,285.85,CenterY,403.815,Radius,41.8606,Area,5502.2528736104,Perimeter,262.884568
73Circle,CenterX,321.122,CenterY,377.709,Radius,82.0829,Area,21156.071763367396,Perimeter,515.480612
78Circle,CenterX,491.723,CenterY,330.057,Radius,8.53517,Area,228.74625855674606,Perimeter,53.60086760000001
79Circle,CenterX,450.162,CenterY,378.538,Radius,37.826,Area,4492.73170664,Perimeter,237.54728
80Circle,CenterX,380.696,CenterY,391.393,Radius,85.2733,Area,22832.622075674604,Perimeter,535.516324
84Circle,CenterX,173.793,CenterY,249.341,Radius,30.7994,Area,2978.6135467304,Perimeter,193.420232
96Circle,CenterX,449.61,CenterY,47.6615,Radius,48.8027,Area,7478.549075690601,Perimeter,306.48095600000005
97Circle,CenterX,90.7461,CenterY,137.382,Radius,78.5229,Area,19360.755888647403,Perimeter,493.12381200000004
104Circle,CenterX,13.1969,CenterY,443.886,Radius,33.6564,Area,3556.8452394143997,Perimeter,211.362192
105Circle,CenterX,5.58063,CenterY,328.627,Radius,29.0085,Area,2642.2882468650005,Perimeter,182.17338
113Circle,CenterX,464.461,CenterY,243.647,Radius,62.8575,Area,12406.345061625001,Perimeter,394.74510000000004
114Circle,CenterX,438.743,CenterY,259.912,Radius,3.32251,Area,34.662688278314,Perimeter,20.8653628
118Circle,CenterX,377.228,CenterY,322.656,Radius,31.2489,Area,3066.1903787993997,Perimeter,196.243092
126Circle,CenterX,371.759,CenterY,182.562,Radius,51.8428,Area,8439.3023631776,Perimeter,325.572784
127Circle,CenterX,404.853,CenterY,14.149,Radius,11.7695,Area,434.9563489850001,Perimeter,73.91246000000001
142Circle,CenterX,242.93,CenterY,135.976,Radius,88.8201,Area,24771.4919149914,Perimeter,557.790228
149Circle,CenterX,181.481,CenterY,115.43,Radius,37.3851,Area,4388.607504311401,Perimeter,234.77842800000002
153Circle,CenterX,178.261,CenterY,419.928,Radius,27.0652,Area,2300.1286602656,Perimeter,169.969456
161Circle,CenterX,322.932,CenterY,169.225,Radius,58.0245,Area,10571.885764785002,Perimeter,364.39386
170Circle,CenterX,103.472,CenterY,325.408,Radius,52.8928,Area,8784.6156363776,Perimeter,332.166784
173Circle,CenterX,255.162,CenterY,43.397,Radius,48.2146,Area,7299.3936309224,Perimeter,302.787688
174Circle,CenterX,322.938,CenterY,290.739,Radius,58.8134,Area,10861.310301418402,Perimeter,369.348152
183Circle,CenterX,499.928,CenterY,120.341,Radius,43.2194,Area,5865.257924170401,Perimeter,271.41783200000003
185Circle,CenterX,216.198,CenterY,324.356,Radius,16.8652,Area,893.1258090656002,Perimeter,105.91345600000001
189Circle,CenterX,469.903,CenterY,177.643,Radius,18.3346,Area,1055.5347294823998,Perimeter,115.14128799999999
200Circle,CenterX,75.1262,CenterY,210.342,Radius,99.3464,Area,30990.880585894403,Perimeter,623.895392
201Circle,CenterX,50.618,CenterY,291.049,Radius,61.2978,Area,11798.299694397601,Perimeter,384.95018400000004
203Circle,CenterX,322.936,CenterY,283.356,Radius,62.1109,Area,12113.378642263402,Perimeter,390.05645200000004
208Circle,CenterX,61.5723,CenterY,117.7,Radius,61.6155,Area,11920.915298385,Perimeter,386.94534
213Circle,CenterX,314.435,CenterY,95.5094,Radius,78.1319,Area,19168.4245244954,Perimeter,490.668332
216Circle,CenterX,330.129,CenterY,90.3671,Radius,71.9724,Area,16265.282775926398,Perimeter,451.986672
222Circle,CenterX,272.921,CenterY,371.222,Radius,75.9509,Area,18113.213121943405,Perimeter,476.97165200000006
228Circle,CenterX,288.721,CenterY,386.897,Radius,22.897,Area,1646.21599226,Perimeter,143.79316
234Circle,CenterX,250.655,CenterY,426.403,Radius,1.01134,Area,3.2116189901839993,Perimeter,6.3512151999999995
237Circle,CenterX,295.221,CenterY,91.3563,Radius,18.9756,Area,1130.6304614304001,Perimeter,119.166768
241Circle,CenterX,10.4677,CenterY,145.605,Radius,6.45018,Area,130.639141181736,Perimeter,40.5071304
244Circle,CenterX,497.087,CenterY,238.079,Radius,66.9748,Area,14084.858842025602,Perimeter,420.60174400000005
250Circle,CenterX,403.592,CenterY,61.7371,Radius,44.8048,Area,6303.4561235456,Perimeter,281.374144
257Circle,CenterX,450.047,CenterY,354.125,Radius,81.3111,Area,20760.0942472794,Perimeter,510.633708
269Circle,CenterX,14.9151,CenterY,168.498,Radius,43.5403,Area,5952.6792536426,Perimeter,273.433084
281Circle,CenterX,103.291,CenterY,365.011,Radius,79.3707,Area,19781.083178058598,Perimeter,498.447996
286Circle,CenterX,481.188,CenterY,198.505,Radius,86.8745,Area,23698.141275785,Perimeter,545.57186
290Circle,CenterX,27.3183,CenterY,17.7432,Radius,40.345,Area,5111.0377385,Perimeter,253.3666
291Circle,CenterX,309.917,CenterY,166.521,Radius,23.1725,Area,1686.069334625,Perimeter,145.5233
293Circle,CenterX,124.908,CenterY,47.6993,Radius,75.4125,Area,17857.321790624996,Perimeter,473.59049999999996
296Circle,CenterX,350.964,CenterY,10.5252,Radius,76.0558,Area,18163.282000829604,Perimeter,477.63042400000006
301Circle,CenterX,165.555,CenterY,476.035,Radius,74.9544,Area,17641.028929190405,Perimeter,470.7136320000001
302Circle,CenterX,273.701,CenterY,111.165,Radius,23.2396,Area,1695.8480856224,Perimeter,145.944688
303Circle,CenterX,363.605,CenterY,26.2837,Radius,15.3535,Area,740.1920814650001,Perimeter,96.41998000000001
304Circle,CenterX,78.4867,CenterY,79.7296,Radius,56.1676,Area,9906.069769846401,Perimeter,352.732528
306Circle,CenterX,78.3682,CenterY,32.9151,Radius,68.1656,Area,14590.163933350399,Perimeter,428.079968
311Circle,CenterX,239.943,CenterY,29.4662,Radius,85.0453,Area,22710.687583562598,Perimeter,534.084484
325Circle,CenterX,201.028,CenterY,202.759,Radius,33.3519,Area,3492.7765935354005,Perimeter,209.44993200000002
326Circle,CenterX,282.149,CenterY,477.168,Radius,26.644,Area,2229.09459104,Perimeter,167.32432
328Circle,CenterX,76.118,CenterY,203.372,Radius,5.67398,Area,101.08931398685601,Perimeter,35.6325944
329Circle,CenterX,119.243,CenterY,419.58,Radius,98.2276,Area,30296.796801526398,Perimeter,616.869328
337Circle,CenterX,125.912,CenterY,374.163,Radius,93.9978,Area,27743.741311197602,Perimeter,590.306184
338Circle,CenterX,114.107,CenterY,115.501,Radius,80.4959,Area,20345.912338783404,Perimeter,505.51425200000006
339Circle,CenterX,410.98,CenterY,55.3826,Radius,28.6838,Area,2583.4676008616007,Perimeter,180.13426400000003
343Circle,CenterX,191.109,CenterY,455.713,Radius,13.075,Area,536.8006625,Perimeter,82.111
348Circle,CenterX,181.982,CenterY,404.552,Radius,56.9944,Area,10199.8555224704,Perimeter,357.924832
350Circle,CenterX,274.513,CenterY,370.813,Radius,55.9431,Area,9827.0395740954,Perimeter,351.322668
351Circle,CenterX,303.572,CenterY,132.629,Radius,2.74762,Area,23.705165186216,Perimeter,17.2550536
352Circle,CenterX,247.548,CenterY,57.1366,Radius,38.0299,Area,4541.2981431913995,Perimeter,238.82777199999998
358Circle,CenterX,70.919,CenterY,440.559,Radius,87.3177,Area,23940.555502530606,Perimeter,548.3551560000001
361Circle,CenterX,15.1339,CenterY,168.077,Radius,37.3591,Area,4382.5053878234,Perimeter,234.615148
363Circle,CenterX,274.165,CenterY,244.325,Radius,76.247,Area,18254.71972826,Perimeter,478.83116
365Circle,CenterX,275.603,CenterY,352.218,Radius,55.4299,Area,9647.567775991402,Perimeter,348.09977200000003
366Circle,CenterX,165.068,CenterY,172.86,Radius,18.8312,Area,1113.4882534015999,Perimeter,118.259936
368Circle,CenterX,3.41649,CenterY,73.1877,Radius,67.7933,Area,14431.224988154601,Perimeter,425.74192400000004
377Circle,CenterX,42.0246,CenterY,113.649,Radius,48.8051,Area,7479.284648071401,Perimeter,306.496028
380Circle,CenterX,334.107,CenterY,320.121,Radius,56.4493,Area,10005.683697338602,Perimeter,354.50160400000004
383Circle,CenterX,370.276,CenterY,5.03153,Radius,2.66348,Area,22.275554730656,Perimeter,16.7266544
384Circle,CenterX,381.779,CenterY,11.2414,Radius,28.182,Area,2493.8668893599997,Perimeter,176.98296
386Circle,CenterX,34.3846,CenterY,264.105,Radius,34.2048,Area,3673.7005971455997,Perimeter,214.806144
389Circle,CenterX,227.459,CenterY,126.444,Radius,5.83794,Area,107.01604641290399,Perimeter,36.6622632
391Circle,CenterX,369.129,CenterY,152.861,Radius,87.4961,Area,24038.481997759398,Perimeter,549.475508
394Circle,CenterX,341.876,CenterY,178.181,Radius,15.25,Area,730.24625,Perimeter,95.77000000000001
397Circle,CenterX,23.6028,CenterY,58.9492,Radius,83.7003,Area,21998.0242910826,Perimeter,525.637884
398Circle,CenterX,484.089,CenterY,340.73,Radius,35.1058,Area,3869.7899880296004,Perimeter,220.464424
403Circle,CenterX,34.5528,CenterY,79.6842,Radius,97.5753,Area,29895.748994082598,Perimeter,612.772884
406Circle,CenterX,265.738,CenterY,209.685,Radius,55.3499,Area,9619.7398902314,Perimeter,347.597372
411Circle,CenterX,370.05,CenterY,49.2004,Radius,46.1577,Area,6689.8744655706005,Perimeter,289.870356
414Circle,CenterX,78.9188,CenterY,414.485,Radius,21.6012,Area,1465.1611821215997,Perimeter,135.65553599999998
418Circle,CenterX,39.7498,CenterY,444.7,Radius,74.9851,Area,17655.482797111403,Perimeter,470.90642800000006
421Circle,CenterX,141.681,CenterY,449.922,Radius,68.3394,Area,14664.659080010399,Perimeter,429.171432
423Circle,CenterX,104.829,CenterY,129.312,Radius,56.4366,Area,10001.1820334184,Perimeter,354.421848
424Circle,CenterX,401.956,CenterY,3.09269,Radius,77.4864,Area,18853.006460774403,Perimeter,486.614592
434Circle,CenterX,347.823,CenterY,318.296,Radius,67.6206,Area,14357.793009290399,Perimeter,424.657368
449Circle,CenterX,389.273,CenterY,247.287,Radius,31.0462,Area,3026.5409181416,Perimeter,194.970136
454Circle,CenterX,77.8825,CenterY,320.875,Radius,78.7808,Area,19488.1413687296,Perimeter,494.743424
456Circle,CenterX,299.929,CenterY,136.869,Radius,45.4435,Area,6484.450713665,Perimeter,285.38518
459Circle,CenterX,192.212,CenterY,145.582,Radius,75.2141,Area,17763.485033863402,Perimeter,472.34454800000003
464Circle,CenterX,462.553,CenterY,316.47,Radius,30.5074,Area,2922.4025679464003,Perimeter,191.58647200000001
469Circle,CenterX,83.7211,CenterY,297.157,Radius,2.18868,Area,15.041605247136003,Perimeter,13.744910400000002
476Circle,CenterX,146.866,CenterY,160.671,Radius,42.8273,Area,5759.3177434106,Perimeter,268.955444
477Circle,CenterX,97.5372,CenterY,374.161,Radius,66.331,Area,13815.376901540001,Perimeter,416.55868000000004
483Circle,CenterX,440.068,CenterY,272.315,Radius,89.8143,Area,25329.150641298602,Perimeter,564.033804
485Circle,CenterX,474.296,CenterY,347.887,Radius,58.5732,Area,10772.7740408736,Perimeter,367.839696
490Circle,CenterX,257.236,CenterY,81.6069,Radius,21.3722,Area,1434.2607291176,Perimeter,134.21741600000001
492Circle,CenterX,473.946,CenterY,379.315,Radius,1.27859,Area,5.133248098633999,Perimeter,8.0295452
493Circle,CenterX,310.905,CenterY,218.506,Radius,53.129,Area,8863.24861274,Perimeter,333.65012
494Circle,CenterX,275.321,CenterY,316.16,Radius,48.9663,Area,7528.7734020665985,Perimeter,307.508364
499Circle,CenterX,48.9149,CenterY,284.362,Radius,5.77663,Area,104.780086052666,Perimeter,36.2772364
500Circle,CenterX,258.805,CenterY,227.569,Radius,62.5819,Area,12297.7918118954,Perimeter,393.014332
6Square,CenterX,174.317,CenterY,270.922,Side Length,1.65259,Orienation,3.22175,Area,2.7310537081,Perimeter,6.61036
10Square,CenterX,7.70121,CenterY,111.92,Side Length,19.3389,Orienation,2.89026,Area,373.99305320999997,Perimeter,77.3556
11Square,CenterX,243.771,CenterY,37.9366,Side Length,64.061,Orienation,4.85513,Area,4103.811721000001,Perimeter,256.244
22Square,CenterX,75.5525,CenterY,458.609,Side Length,65.1208,Orienation,3.31857,Area,4240.718592640001,Perimeter,260.4832
29Square,CenterX,310.741,CenterY,291.759,Side Length,94.9154,Orienation,0.281193,Area,9008.933157160001,Perimeter,379.6616
37Square,CenterX,260.728,CenterY,331.754,Side Length,48.3418,Orienation,1.6038,Area,2336.9296272399997,Perimeter,193.3672
51Square,CenterX,380.745,CenterY,211.543,Side Length,64.0125,Orienation,6.28196,Area,4097.6001562500005,Perimeter,256.05
58Square,CenterX,152.693,CenterY,170.563,Side Length,6.14318,Orienation,1.56153,Area,37.7386605124,Perimeter,24.57272
60Square,CenterX,435.522,CenterY,281.959,Side Length,72.5109,Orienation,4.7596,Area,5257.830618810001,Perimeter,290.0436
61Square,CenterX,39.5675,CenterY,463.252,Side Length,54.0129,Orienation,0.678924,Area,2917.39336641,Perimeter,216.0516
68Square,CenterX,15.0482,CenterY,169.104,Side Length,44.506,Orienation,1.13589,Area,1980.784036,Perimeter,178.024
77Square,CenterX,484.783,CenterY,217.52,Side Length,56.0552,Orienation,4.19204,Area,3142.18544704,Perimeter,224.2208
81Square,CenterX,393.994,CenterY,260.077,Side Length,71.5598,Orienation,2.88154,Area,5120.804976039999,Perimeter,286.2392
85Square,CenterX,335.719,CenterY,90.0439,Side Length,7.28982,Orienation,5.99132,Area,53.141475632399995,Perimeter,29.15928
103Square,CenterX,380.389,CenterY,140.511,Side Length,34.7481,Orienation,2.19901,Area,1207.43045361,Perimeter,138.9924
124Square,CenterX,47.3296,CenterY,130.662,Side Length,52.988,Orienation,5.30324,Area,2807.728144,Perimeter,211.952
135Square,CenterX,62.2313,CenterY,73.7129,Side Length,73.4958,Orienation,0.265159,Area,5401.632617640001,Perimeter,293.9832
138Square,CenterX,44.9485,CenterY,488.591,Side Length,85.2873,Orienation,4.44735,Area,7273.923541290001,Perimeter,341.1492
148Square,CenterX,225.93,CenterY,357.951,Side Length,90.7367,Orienation,5.92534,Area,8233.14872689,Perimeter,362.9468
155Square,CenterX,425.131,CenterY,492.619,Side Length,35.3426,Orienation,2.18784,Area,1249.0993747599998,Perimeter,141.3704
160Square,CenterX,76.8178,CenterY,117.69,Side Length,93.142,Orienation,1.63601,Area,8675.432164,Perimeter,372.568
167Square,CenterX,366.795,CenterY,268.573,Side Length,8.99827,Orienation,2.32874,Area,80.9688629929,Perimeter,35.99308
176Square,CenterX,496.984,CenterY,311.564,Side Length,72.9963,Orienation,0.412819,Area,5328.45981369,Perimeter,291.9852
178Square,CenterX,39.1447,CenterY,115.313,Side Length,52.9291,Orienation,4.39768,Area,2801.4896268099997,Perimeter,211.7164
179Square,CenterX,100.102,CenterY,22.7101,Side Length,11.2452,Orienation,4.98859,Area,126.45452304000001,Perimeter,44.9808
191Square,CenterX,355.301,CenterY,385.92,Side Length,90.6649,Orienation,2.79666,Area,8220.12409201,Perimeter,362.6596
193Square,CenterX,370.825,CenterY,153.082,Side Length,52.174,Orienation,2.67398,Area,2722.126276,Perimeter,208.696
194Square,CenterX,32.3166,CenterY,91.269,Side Length,51.7207,Orienation,3.76079,Area,2675.0308084900003,Perimeter,206.8828
197Square,CenterX,410.734,CenterY,121.158,Side Length,7.96531,Orienation,5.46645,Area,63.4461633961,Perimeter,31.86124
210Square,CenterX,143.829,CenterY,283.744,Side Length,44.9432,Orienation,4.91834,Area,2019.8912262399997,Perimeter,179.7728
218Square,CenterX,239.65,CenterY,247.747,Side Length,26.3913,Orienation,2.10033,Area,696.5007156900001,Perimeter,105.5652
229Square,CenterX,403.209,CenterY,429.924,Side Length,41.2916,Orienation,2.02239,Area,1704.9962305600002,Perimeter,165.1664
238Square,CenterX,80.4496,CenterY,468.102,Side Length,5.50736,Orienation,2.55894,Area,30.331014169600003,Perimeter,22.02944
242Square,CenterX,229.853,CenterY,418.575,Side Length,64.05,Orienation,5.06265,Area,4102.402499999999,Perimeter,256.2
245Square,CenterX,431.261,CenterY,4.26044,Side Length,54.8009,Orienation,0.608663,Area,3003.1386408099997,Perimeter,219.2036
249Square,CenterX,92.8995,CenterY,298.439,Side Length,6.93576,Orienation,2.56951,Area,48.104766777600005,Perimeter,27.74304
251Square,CenterX,395.805,CenterY,120.929,Side Length,64.9315,Orienation,1.33885,Area,4216.09969225,Perimeter,259.726
262Square,CenterX,182.398,CenterY,102.285,Side Length,84.4462,Orienation,3.60521,Area,7131.160694440001,Perimeter,337.7848
272Square,CenterX,499.807,CenterY,341.629,Side Length,35.6926,Orienation,5.86079,Area,1273.96169476,Perimeter,142.7704
276Square,CenterX,224.732,CenterY,12.74,Side Length,45.7908,Orienation,6.15707,Area,2096.7973646399996,Perimeter,183.1632
278Square,CenterX,399.066,CenterY,315.757,Side Length,71.3811,Orienation,2.02315,Area,5095.261437210001,Perimeter,285.5244
284Square,CenterX,43.8606,CenterY,208.093,Side Length,17.9858,Orienation,5.78387,Area,323.48900164,Perimeter,71.9432
294Square,CenterX,366.745,CenterY,109.961,Side Length,4.01389,Orienation,1.54526,Area,16.1113129321,Perimeter,16.05556
315Square,CenterX,172.99,CenterY,183.494,Side Length,20.6445,Orienation,4.9874,Area,426.19538025,Perimeter,82.578
327Square,CenterX,243.382,CenterY,190.55,Side Length,79.8531,Orienation,4.67801,Area,6376.517579609999,Perimeter,319.4124
336Square,CenterX,50.0798,CenterY,202.668,Side Length,47.0573,Orienation,4.87283,Area,2214.3894832899996,Perimeter,188.2292
355Square,CenterX,312.045,CenterY,432.814,Side Length,8.0513,Orienation,0.0534897,Area,64.82343168999999,Perimeter,32.2052
367Square,CenterX,124.574,CenterY,438.289,Side Length,86.6973,Orienation,4.53109,Area,7516.42182729,Perimeter,346.7892
392Square,CenterX,24.8854,CenterY,307.495,Side Length,4.37562,Orienation,2.86861,Area,19.146050384399995,Perimeter,17.50248
405Square,CenterX,496.136,CenterY,282.922,Side Length,99.3275,Orienation,0.161482,Area,9865.95225625,Perimeter,397.31
413Square,CenterX,282.194,CenterY,435.325,Side Length,80.9129,Orienation,2.34059,Area,6546.897386409999,Perimeter,323.6516
431Square,CenterX,339.955,CenterY,271.506,Side Length,89.2994,Orienation,1.60787,Area,7974.382840360001,Perimeter,357.1976
432Square,CenterX,158.68,CenterY,211.847,Side Length,40.0779,Orienation,3.35642,Area,1606.2380684099999,Perimeter,160.3116
435Square,CenterX,115.579,CenterY,175.557,Side Length,1.57304,Orienation,0.158268,Area,2.4744548416,Perimeter,6.29216
436Square,CenterX,442.802,CenterY,356.759,Side Length,18.3494,Orienation,4.4312,Area,336.70048036,Perimeter,73.3976
444Square,CenterX,452.811,CenterY,494.079,Side Length,98.1095,Orienation,5.72335,Area,9625.473990249999,Perimeter,392.438
465Square,CenterX,44.4123,CenterY,426.606,Side Length,51.3439,Orienation,3.04899,Area,2636.19606721,Perimeter,205.3756
471Square,CenterX,435.882,CenterY,88.4726,Side Length,8.44082,Orienation,2.09953,Area,71.24744227240001,Perimeter,33.76328
472Square,CenterX,204.502,CenterY,230.593,Side Length,93.4255,Orienation,6.19406,Area,8728.32405025,Perimeter,373.702
478Square,CenterX,103.264,CenterY,380.346,Side Length,56.4664,Orienation,2.55346,Area,3188.45432896,Perimeter,225.8656
2Equilateral Triangle,CenterX,225.015,CenterY,265.596,Side Length,92.0719,Orienation,1.87115,Area,3670.7503321634913,Perimeter,276.21569999999997
3Equilateral Triangle,CenterX,130.116,CenterY,252.153,Side Length,47.7961,Orienation,6.21924,Area,989.2033039217681,Perimeter,143.38830000000002
5Equilateral Triangle,CenterX,431.063,CenterY,37.5185,Side Length,20.178,Orienation,0.825963,Area,176.3018507688071,Perimeter,60.534000000000006
12Equilateral Triangle,CenterX,86.8139,CenterY,278.335,Side Length,25.9568,Orienation,5.12174,Area,291.7446748512344,Perimeter,77.8704
15Equilateral Triangle,CenterX,278.503,CenterY,122.108,Side Length,71.6882,Orienation,1.10695,Area,2225.338019870254,Perimeter,215.06459999999998
17Equilateral Triangle,CenterX,346.59,CenterY,403.456,Side Length,65.9993,Orienation,1.36396,Area,1886.1633192810289,Perimeter,197.99790000000002
18Equilateral Triangle,CenterX,205.133,CenterY,162.349,Side Length,42.6996,Orienation,5.94366,Area,789.4929375884498,Perimeter,128.09879999999998
23Equilateral Triangle,CenterX,180.233,CenterY,275.584,Side Length,19.2635,Orienation,1.96671,Area,160.68340661330893,Perimeter,57.7905
27Equilateral Triangle,CenterX,206.127,CenterY,22.5172,Side Length,80.9384,Orienation,0.629217,Area,2836.676859852806,Perimeter,242.8152
28Equilateral Triangle,CenterX,375.935,CenterY,390.839,Side Length,95.0414,Orienation,0.209316,Area,3911.3464546568134,Perimeter,285.1242
36Equilateral Triangle,CenterX,351.629,CenterY,176.996,Side Length,83.0748,Orienation,0.0283357,Area,2988.403558175741,Perimeter,249.2244
41Equilateral Triangle,CenterX,227.11,CenterY,338.224,Side Length,52.4899,Orienation,4.87899,Area,1193.0320937916983,Perimeter,157.4697
42Equilateral Triangle,CenterX,267.253,CenterY,398.188,Side Length,92.5135,Orienation,4.58459,Area,3706.046458704842,Perimeter,277.54049999999995
44Equilateral Triangle,CenterX,483.403,CenterY,398.981,Side Length,0.298289,Orienation,4.98425,Area,0.03852787998431525,Perimeter,0.8948670000000001
46Equilateral Triangle,CenterX,68.1728,CenterY,157.98,Side Length,78.2618,Orienation,1.90483,Area,2652.1635418291994,Perimeter,234.78539999999998
54Equilateral Triangle,CenterX,33.3188,CenterY,363.087,Side Length,26.1077,Orienation,1.48882,Area,295.1466534547204,Perimeter,78.32310000000001
55Equilateral Triangle,CenterX,37.3402,CenterY,160.616,Side Length,91.2258,Orienation,3.56542,Area,3603.5951785910843,Perimeter,273.67740000000003
57Equilateral Triangle,CenterX,84.0361,CenterY,66.3385,Side Length,88.9335,Orienation,1.48778,Area,3424.769955226391,Perimeter,266.8005
59Equilateral Triangle,CenterX,397.923,CenterY,358.925,Side Length,89.3504,Orienation,1.64185,Area,3456.9542988893486,Perimeter,268.0512
62Equilateral Triangle,CenterX,354.522,CenterY,188.041,Side Length,35.7704,Orienation,4.27696,Area,554.0490688416706,Perimeter,107.31120000000001
63Equilateral Triangle,CenterX,281.71,CenterY,271.288,Side Length,84.4232,Orienation,2.79448,Area,3086.2013402383577,Perimeter,253.26959999999997
74Equilateral Triangle,CenterX,377.123,CenterY,237.303,Side Length,57.3335,Orienation,5.66528,Area,1423.369139008044,Perimeter,172.0005
75Equilateral Triangle,CenterX,323.976,CenterY,290.66,Side Length,34.7858,Orienation,3.64065,Area,523.9678346987004,Perimeter,104.35740000000001
76Equilateral Triangle,CenterX,235.214,CenterY,482.131,Side Length,73.5631,Orienation,4.95246,Area,2343.2610888038876,Perimeter,220.6893
83Equilateral Triangle,CenterX,169.95,CenterY,204.524,Side Length,82.8253,Orienation,1.92188,Area,2970.480263964717,Perimeter,248.4759
87Equilateral Triangle,CenterX,354.108,CenterY,101.936,Side Length,5.71088,Orienation,3.77637,Area,14.122341373538081,Perimeter,17.132640000000002
88Equilateral Triangle,CenterX,431.005,CenterY,365.301,Side Length,52.89,Orienation,0.902048,Area,1211.2889909648736,Perimeter,158.67000000000002
89Equilateral Triangle,CenterX,386.068,CenterY,319.077,Side Length,52.7802,Orienation,6.00486,Area,1206.264923003372,Perimeter,158.3406
99Equilateral Triangle,CenterX,98.1598,CenterY,354.26,Side Length,11.9782,Orienation,4.86021,Area,62.12748261180601,Perimeter,35.934599999999996
109Equilateral Triangle,CenterX,144.306,CenterY,263.396,Side Length,20.4041,Orienation,0.728645,Area,180.27500766318204,Perimeter,61.2123
110Equilateral Triangle,CenterX,180.195,CenterY,9.57489,Side Length,74.6806,Orienation,2.74135,Area,2414.9949839757583,Perimeter,224.0418
112Equilateral Triangle,CenterX,454.5,CenterY,85.1274,Side Length,41.2491,Orienation,1.02056,Area,736.7660247211041,Perimeter,123.7473
119Equilateral Triangle,CenterX,250.761,CenterY,31.3297,Side Length,27.055,Orienation,6.22771,Area,316.953617267471,Perimeter,81.16499999999999
130Equilateral Triangle,CenterX,22.1896,CenterY,316.289,Side Length,53.7574,Orienation,1.57557,Area,1251.3452443766205,Perimeter,161.2722
131Equilateral Triangle,CenterX,147.356,CenterY,226.994,Side Length,99.9774,Orienation,0.158212,Area,4328.170022675208,Perimeter,299.9322
133Equilateral Triangle,CenterX,0.625836,CenterY,339.548,Side Length,42.4773,Orienation,6.21622,Area,781.2939179116352,Perimeter,127.4319
134Equilateral Triangle,CenterX,111.596,CenterY,278.333,Side Length,25.1665,Orienation,1.12385,Area,274.24977351226477,Perimeter,75.4995
136Equilateral Triangle,CenterX,191.112,CenterY,49.2648,Side Length,34.4492,Orienation,4.0791,Area,513.8766897544403,Perimeter,103.3476
137Equilateral Triangle,CenterX,478.443,CenterY,194.748,Side Length,71.2534,Orienation,1.89169,Area,2198.425844109413,Perimeter,213.7602
140Equilateral Triangle,CenterX,278.571,CenterY,188.295,Side Length,93.786,Orienation,4.18347,Area,3808.699097146818,Perimeter,281.358
141Equilateral Triangle,CenterX,474.298,CenterY,3.23706,Side Length,12.8529,Orienation,4.02462,Area,71.53241594650683,Perimeter,38.5587
145Equilateral Triangle,CenterX,123.028,CenterY,237.636,Side Length,95.0098,Orienation,3.83765,Area,3908.7459458147423,Perimeter,285.0294
147Equilateral Triangle,CenterX,43.418,CenterY,219.238,Side Length,55.3783,Orienation,5.91833,Area,1327.9443496209535,Perimeter,166.13490000000002
151Equilateral Triangle,CenterX,339.521,CenterY,489.246,Side Length,20.9749,Orienation,2.49818,Area,190.50239234646628,Perimeter,62.9247
154Equilateral Triangle,CenterX,29.5732,CenterY,160.143,Side Length,86.1998,Orienation,1.03125,Area,3217.459970387381,Perimeter,258.5994
156Equilateral Triangle,CenterX,104.653,CenterY,335.574,Side Length,59.9882,Orienation,4.77374,Area,1558.2326411187987,Perimeter,179.9646
162Equilateral Triangle,CenterX,93.069,CenterY,65.1998,Side Length,45.8411,Orienation,3.37397,Area,909.9356843461567,Perimeter,137.5233
164Equilateral Triangle,CenterX,45.8741,CenterY,396.959,Side Length,92.661,Orienation,0.571539,Area,3717.873438013407,Perimeter,277.983
168Equilateral Triangle,CenterX,499.313,CenterY,265.63,Side Length,72.2895,Orienation,2.81173,Area,2262.8255710285466,Perimeter,216.8685
180Equilateral Triangle,CenterX,44.8053,CenterY,23.2052,Side Length,65.1189,Orienation,0.322954,Area,1836.1778644192734,Perimeter,195.3567
181Equilateral Triangle,CenterX,439.027,CenterY,403.864,Side Length,40.9914,Orienation,3.0831,Area,727.5890233490657,Perimeter,122.9742
195Equilateral Triangle,CenterX,177.786,CenterY,44.6286,Side Length,28.9009,Orienation,3.62304,Area,361.6790644188932,Perimeter,86.7027
198Equilateral Triangle,CenterX,66.4033,CenterY,333.706,Side Length,50.9945,Orienation,5.94422,Area,1126.0231305945351,Perimeter,152.9835
202Equilateral Triangle,CenterX,367.516,CenterY,334.023,Side Length,34.1956,Orienation,1.12657,Area,506.3386655215798,Perimeter,102.5868
204Equilateral Triangle,CenterX,61.318,CenterY,322.268,Side Length,96.3029,Orienation,4.53931,Area,4015.867421967006,Perimeter,288.90869999999995
206Equilateral Triangle,CenterX,382.699,CenterY,439.186,Side Length,49.5241,Orienation,3.916,Area,1062.0227493149623,Perimeter,148.57229999999998
207Equilateral Triangle,CenterX,219.59,CenterY,394.946,Side Length,0.524094,Orienation,5.38127,Area,0.11893755640814703,Perimeter,1.572282
209Equilateral Triangle,CenterX,296.78,CenterY,230.903,Side Length,47.3866,Orienation,3.06724,Area,972.3256311596558,Perimeter,142.15980000000002
211Equilateral Triangle,CenterX,26.4501,CenterY,15.6155,Side Length,9.89855,Orienation,2.32079,Area,42.4271440281943,Perimeter,29.69565
214Equilateral Triangle,CenterX,445.409,CenterY,324.701,Side Length,36.442,Orienation,6.21674,Area,575.0492529708266,Perimeter,109.326
215Equilateral Triangle,CenterX,199.829,CenterY,97.1591,Side Length,60.9442,Orienation,4.94898,Area,1608.2938347172158,Perimeter,182.8326
220Equilateral Triangle,CenterX,110.563,CenterY,445.16,Side Length,75.315,Orienation,0.112816,Area,2456.199263993486,Perimeter,225.945
224Equilateral Triangle,CenterX,286.517,CenterY,435.412,Side Length,58.6557,Orienation,2.78179,Area,1489.7763654458436,Perimeter,175.96710000000002
226Equilateral Triangle,CenterX,232.58,CenterY,390.187,Side Length,93.8769,Orienation,0.339735,Area,3816.085669267908,Perimeter,281.63070000000005
230Equilateral Triangle,CenterX,2.94028,CenterY,180.314,Side Length,53.5652,Orienation,0.413056,Area,1242.4133165588019,Perimeter,160.69559999999998
235Equilateral Triangle,CenterX,58.601,CenterY,16.027,Side Length,11.4335,Orienation,4.11678,Area,56.6055517881228,Perimeter,34.3005
239Equilateral Triangle,CenterX,5.48359,CenterY,284.68,Side Length,75.9135,Orienation,2.34393,Area,2495.3913550342686,Perimeter,227.7405
240Equilateral Triangle,CenterX,120.929,CenterY,31.8005,Side Length,58.5485,Orienation,3.53477,Area,1484.3358681816628,Perimeter,175.6455
254Equilateral Triangle,CenterX,435.861,CenterY,213.047,Side Length,62.5628,Orienation,3.6646,Area,1694.85672420915,Perimeter,187.6884
258Equilateral Triangle,CenterX,95.17,CenterY,3.78347,Side Length,59.4863,Orienation,3.35243,Area,1532.2673585381883,Perimeter,178.4589
268Equilateral Triangle,CenterX,389.986,CenterY,232.453,Side Length,46.8905,Orienation,1.49212,Area,952.0732506698848,Perimeter,140.6715
282Equilateral Triangle,CenterX,374.044,CenterY,372.706,Side Length,68.5226,Orienation,0.0486533,Area,2033.1447655469324,Perimeter,205.56779999999998
287Equilateral Triangle,CenterX,478.624,CenterY,477.693,Side Length,28.3231,Orienation,2.71026,Area,347.3619206655834,Perimeter,84.9693
297Equilateral Triangle,CenterX,321.039,CenterY,226.349,Side Length,57.1731,Orienation,3.65003,Area,1415.416055923065,Perimeter,171.5193
298Equilateral Triangle,CenterX,51.8949,CenterY,433.383,Side Length,71.3136,Orienation,3.02443,Area,2202.142190086027,Perimeter,213.94079999999997
300Equilateral Triangle,CenterX,240.881,CenterY,418.411,Side Length,80.4777,Orienation,4.04344,Area,2804.476131266337,Perimeter,241.4331
305Equilateral Triangle,CenterX,184.372,CenterY,123.729,Side Length,21.7617,Orienation,3.51021,Area,205.06251237862483,Perimeter,65.2851
307Equilateral Triangle,CenterX,302.715,CenterY,374.361,Side Length,79.1961,Orienation,5.31884,Area,2715.865303056613,Perimeter,237.5883
313Equilateral Triangle,CenterX,360.978,CenterY,205.284,Side Length,60.3023,Orienation,4.32956,Area,1574.5932665771677,Perimeter,180.9069
317Equilateral Triangle,CenterX,328.146,CenterY,301.134,Side Length,65.33,Orienation,1.49274,Area,1848.1020654890388,Perimeter,195.99
318Equilateral Triangle,CenterX,215.129,CenterY,141.7,Side Length,28.937,Orienation,0.406187,Area,362.5831725060561,Perimeter,86.811
323Equilateral Triangle,CenterX,281.08,CenterY,22.124,Side Length,8.76012,Orienation,3.28099,Area,33.22926588486421,Perimeter,26.28036
324Equilateral Triangle,CenterX,136.334,CenterY,483.409,Side Length,45.6275,Orienation,3.94434,Area,901.4756151288066,Perimeter,136.8825
332Equilateral Triangle,CenterX,360.882,CenterY,350.353,Side Length,49.0065,Orienation,3.3141,Area,1039.9393446291108,Perimeter,147.0195
335Equilateral Triangle,CenterX,443.419,CenterY,99.0519,Side Length,65.9228,Orienation,3.59523,Area,1881.7933374915656,Perimeter,197.76839999999999
345Equilateral Triangle,CenterX,268.251,CenterY,498.157,Side Length,31.4521,Orienation,4.16309,Area,428.3511445307278,Perimeter,94.3563
346Equilateral Triangle,CenterX,142.627,CenterY,276.936,Side Length,77.7585,Orienation,1.98345,Area,2618.1612120562277,Perimeter,233.2755
347Equilateral Triangle,CenterX,58.9117,CenterY,248.169,Side Length,51.8338,Orienation,3.54703,Area,1163.3937688342714,Perimeter,155.5014
353Equilateral Triangle,CenterX,199.584,CenterY,362.106,Side Length,24.762,Orienation,2.41362,Area,265.5046151016056,Perimeter,74.286
359Equilateral Triangle,CenterX,41.6123,CenterY,286.751,Side Length,57.6279,Orienation,5.01436,Area,1438.0242963562443,Perimeter,172.88369999999998
360Equilateral Triangle,CenterX,335.82,CenterY,401.392,Side Length,41.9817,Orienation,1.25451,Area,763.1689240241498,Perimeter,125.9451
362Equilateral Triangle,CenterX,296.489,CenterY,373.648,Side Length,17.7233,Orienation,3.11163,Area,136.0159419908538,Perimeter,53.1699
371Equilateral Triangle,CenterX,489.147,CenterY,279.98,Side Length,81.664,Orienation,4.80946,Area,2887.7655610002066,Perimeter,244.99200000000002
374Equilateral Triangle,CenterX,384.623,CenterY,235.674,Side Length,88.4415,Orienation,1.19166,Area,3386.9815862513115,Perimeter,265.3245
379Equilateral Triangle,CenterX,220.989,CenterY,426.055,Side Length,97.0385,Orienation,4.63107,Area,4077.451325807402,Perimeter,291.1155
388Equilateral Triangle,CenterX,318.083,CenterY,252.896,Side Length,63.6758,Orienation,0.784533,Area,1755.6965511296485,Perimeter,191.0274
393Equilateral Triangle,CenterX,431.572,CenterY,175.571,Side Length,10.8745,Orienation,1.50539,Area,51.20580891734209,Perimeter,32.6235
395Equilateral Triangle,CenterX,271.497,CenterY,280.91,Side Length,17.0004,Orienation,0.440127,Area,125.14655988887912,Perimeter,51.0012
399Equilateral Triangle,CenterX,411.198,CenterY,271.815,Side Length,1.23461,Orienation,4.73598,Area,0.6600247429690593,Perimeter,3.70383
404Equilateral Triangle,CenterX,291.172,CenterY,117.544,Side Length,97.362,Orienation,6.2332,Area,4104.682871848884,Perimeter,292.086
407Equilateral Triangle,CenterX,263.072,CenterY,227.713,Side Length,9.46359,Orienation,3.13687,Area,38.78041652851682,Perimeter,28.39077
419Equilateral Triangle,CenterX,404.651,CenterY,148.665,Side Length,3.95418,Orienation,2.69451,Area,6.7703871924863686,Perimeter,11.86254
430Equilateral Triangle,CenterX,207.68,CenterY,176.277,Side Length,31.3877,Orienation,1.77687,Area,426.5987927366946,Perimeter,94.1631
437Equilateral Triangle,CenterX,170.569,CenterY,305.318,Side Length,81.4978,Orienation,2.99587,Area,2876.0233428844763,Perimeter,244.4934
438Equilateral Triangle,CenterX,44.5631,CenterY,438.663,Side Length,37.6697,Orienation,0.490881,Area,614.4477511380269,Perimeter,113.00909999999999
443Equilateral Triangle,CenterX,360.831,CenterY,219.732,Side Length,12.9603,Orienation,3.04267,Area,72.73287337588124,Perimeter,38.8809
445Equilateral Triangle,CenterX,102.299,CenterY,254.398,Side Length,49.3785,Orienation,5.31872,Area,1055.7872717684584,Perimeter,148.1355
446Equilateral Triangle,CenterX,481.466,CenterY,15.1699,Side Length,61.979,Orienation,0.772787,Area,1663.373451956565,Perimeter,185.937
448Equilateral Triangle,CenterX,306.617,CenterY,466.624,Side Length,27.026,Orienation,5.99977,Area,316.274502229471,Perimeter,81.078
455Equilateral Triangle,CenterX,342.262,CenterY,275.329,Side Length,53.9976,Orienation,0.0922052,Area,1262.5528043195343,Perimeter,161.9928
466Equilateral Triangle,CenterX,441.112,CenterY,173.626,Side Length,31.2854,Orienation,0.370373,Area,423.8225499287544,Perimeter,93.8562
468Equilateral Triangle,CenterX,136.773,CenterY,21.3117,Side Length,91.019,Orienation,5.34865,Area,3587.275698610197,Perimeter,273.057
479Equilateral Triangle,CenterX,453.729,CenterY,10.2172,Side Length,27.7072,Orienation,1.8481,Area,332.41905858879016,Perimeter,83.1216
487Equilateral Triangle,CenterX,243.638,CenterY,313.296,Side Length,86.6136,Orienation,0.133589,Area,3248.424788772403,Perimeter,259.8408
495Equilateral Triangle,CenterX,351.426,CenterY,228.928,Side Length,20.2247,Orienation,4.28063,Area,177.11886177178462,Perimeter,60.674099999999996
497Equilateral Triangle,CenterX,185.791,CenterY,251.464,Side Length,46.8939,Orienation,0.236733,Area,952.2113241137786,Perimeter,140.6817
7Ellipse,CenterX,161.34,CenterY,140.239,R1,6.58786,R2,20.9523,Orienation,2.44081,Area,433.41677190492004,Perimeter,68.9656360713971
9Ellipse,CenterX,179.439,CenterY,462.482,R1,37.3241,R2,6.10191,Orienation,2.8185,Area,715.1296589573401,Perimeter,118.75352749025305
30Ellipse,CenterX,358.856,CenterY,86.1241,R1,10.0164,R2,6.58528,Orienation,3.79272,Area,207.11690757888002,Perimeter,37.63996749841807
33Ellipse,CenterX,205.762,CenterY,381.666,R1,32.8325,R2,26.2991,Orienation,5.87101,Area,2711.2807303550003,Perimeter,132.08975404596973
34Ellipse,CenterX,210.564,CenterY,371.34,R1,25.8827,R2,46.3943,Orienation,3.49792,Area,3770.5426106354007,Perimeter,166.814852597897
38Ellipse,CenterX,365.48,CenterY,62.8667,R1,44.1525,R2,16.9445,Orienation,2.7462,Area,2349.1659938250004,Perimeter,148.4977455524339
43Ellipse,CenterX,370.994,CenterY,40.8185,R1,31.1962,R2,12.4517,Orienation,6.07558,Area,1219.7195719156,Perimeter,105.47071296043688
50Ellipse,CenterX,247.938,CenterY,27.6851,R1,27.0533,R2,13.3331,Orienation,1.59708,Area,1132.6116722822,Perimeter,94.70380531135694
52Ellipse,CenterX,431.636,CenterY,431.574,R1,8.41705,R2,42.8063,Orienation,5.22424,Area,1131.3506896831,Perimeter,136.98557430054413
56Ellipse,CenterX,321.473,CenterY,24.3775,R1,30.8457,R2,31.2066,Orienation,4.01814,Area,3022.5307838868007,Perimeter,137.7780008708799
69Ellipse,CenterX,130.964,CenterY,237.777,R1,18.1481,R2,47.0187,Orienation,4.38894,Area,2679.3622181358,Perimeter,158.25449488929115
70Ellipse,CenterX,92.9278,CenterY,446.848,R1,43.7794,R2,3.16166,Orienation,2.12093,Area,434.62491430456004,Perimeter,137.8253258882724
71Ellipse,CenterX,164.977,CenterY,200.057,R1,5.44815,R2,33.754,Orienation,0.966403,Area,577.436125014,Perimeter,107.35929796093154
72Ellipse,CenterX,1.7139,CenterY,383.353,R1,43.9611,R2,14.3565,Orienation,0.140006,Area,1981.7404509510002,Perimeter,145.2122665027766
91Ellipse,CenterX,363.458,CenterY,364.548,R1,41.9487,R2,40.8345,Orienation,6.02376,Area,5378.676157071,Perimeter,183.821452459716
93Ellipse,CenterX,151.442,CenterY,424.782,R1,39.5999,R2,41.7205,Orienation,1.15964,Area,5187.680751763,Perimeter,180.61830802463936
94Ellipse,CenterX,29.4836,CenterY,160.908,R1,4.3567,R2,13.4657,Orienation,5.5517,Area,184.2112876966,Perimeter,44.44025386788703
98Ellipse,CenterX,274.12,CenterY,245.758,R1,27.4091,R2,17.5918,Orienation,2.32472,Area,1514.0307728931998,Perimeter,102.26619862797766
101Ellipse,CenterX,129.761,CenterY,447.159,R1,42.8843,R2,2.05032,Orienation,5.47193,Area,276.08932924464006,Perimeter,134.81051627867032
102Ellipse,CenterX,336.322,CenterY,443.719,R1,36.4711,R2,40.4949,Orienation,6.15881,Area,4637.4457388046,Perimeter,171.12216598794186
106Ellipse,CenterX,378.127,CenterY,488.436,R1,20.3304,R2,20.4713,Orienation,4.02958,Area,1306.8357130128,Perimeter,90.59317865317378
107Ellipse,CenterX,37.5477,CenterY,183.337,R1,35.8528,R2,39.627,Orienation,2.82627,Area,4461.120163584001,Perimeter,167.79833295919144
108Ellipse,CenterX,218.073,CenterY,3.85812,R1,37.8465,R2,25.2485,Orienation,0.705327,Area,3000.481495485,Perimeter,142.85600093536218
111Ellipse,CenterX,176.031,CenterY,488.244,R1,45.842,R2,46.525,Orienation,1.65022,Area,6696.989017,Perimeter,205.0894693096269
115Ellipse,CenterX,496.599,CenterY,402.559,R1,38.1872,R2,44.7598,Orienation,2.90925,Area,5367.0495045184,Perimeter,184.74576164675835
116Ellipse,CenterX,157.682,CenterY,106.027,R1,42.1185,R2,4.6422,Orienation,3.54412,Area,613.9406521980001,Perimeter,133.05295898566916
120Ellipse,CenterX,157.207,CenterY,473.421,R1,26.3684,R2,33.0629,Orienation,3.12254,Area,2737.5015252104004,Perimeter,132.79074014423676
121Ellipse,CenterX,99.7278,CenterY,163.145,R1,37.336,R2,30.7142,Orienation,1.79463,Area,3600.780465568,Perimeter,151.80654591926972
123Ellipse,CenterX,159.138,CenterY,26.8485,R1,48.5147,R2,26.9929,Orienation,3.80775,Area,4111.9946792782,Perimeter,174.32777679011284
143Ellipse,CenterX,85.785,CenterY,438.13,R1,36.4532,R2,16.7378,Orienation,1.38984,Area,1915.8596048144002,Perimeter,125.95235302062908
146Ellipse,CenterX,347.6,CenterY,248.326,R1,29.8916,R2,34.9896,Orienation,5.69163,Area,3284.110699910401,Perimeter,144.50073458303152
150Ellipse,CenterX,339.418,CenterY,495.634,R1,30.7413,R2,40.9779,Orienation,1.53555,Area,3955.5017002277996,Perimeter,160.8530952164128
158Ellipse,CenterX,459.518,CenterY,340.449,R1,33.6086,R2,22.4428,Orienation,2.37787,Area,2368.4112165712,Perimeter,126.89708016294811
159Ellipse,CenterX,474.43,CenterY,350.311,R1,24.1958,R2,16.5814,Orienation,2.20709,Area,1259.7687476968,Perimeter,92.1031940014599
163Ellipse,CenterX,114.373,CenterY,237.774,R1,9.66007,R2,12.5084,Orienation,6.03883,Area,379.41254150632,Perimeter,49.62561370527047
165Ellipse,CenterX,1.7315,CenterY,469.872,R1,4.85444,R2,14.1636,Orienation,0.352574,Area,215.89492764576002,Perimeter,47.013376991029126
166Ellipse,CenterX,157.133,CenterY,461.302,R1,28.1364,R2,49.1735,Orienation,6.26247,Area,4344.394933356,Perimeter,177.89395880986996
169Ellipse,CenterX,442.384,CenterY,276.135,R1,1.2147,R2,9.935,Orienation,0.195153,Area,37.89365973,Perimeter,31.42820354488885
171Ellipse,CenterX,281.932,CenterY,453.624,R1,38.3952,R2,28.6589,Orienation,3.9166,Area,3455.1435794592003,Perimeter,150.44250650136118
172Ellipse,CenterX,499.345,CenterY,299.135,R1,23.1029,R2,34.7819,Orienation,2.16193,Area,2523.1870585814004,Perimeter,131.11237436845843
177Ellipse,CenterX,172.56,CenterY,207.514,R1,6.08983,R2,43.2328,Orienation,0.815618,Area,826.7004636113601,Perimeter,137.0911566978018
184Ellipse,CenterX,422.421,CenterY,410.634,R1,13.4273,R2,44.5401,Orienation,3.68496,Area,1877.8873140522003,Perimeter,146.07288414617094
186Ellipse,CenterX,465.227,CenterY,356.088,R1,17.4596,R2,34.3289,Orienation,5.79826,Area,1882.0182280615998,Perimeter,120.93325931382668
187Ellipse,CenterX,1.83538,CenterY,345.9,R1,8.08068,R2,14.5533,Orienation,3.77055,Area,369.26575916616,Perimeter,52.26906382297853
188Ellipse,CenterX,372.981,CenterY,410.11,R1,23.7101,R2,33.1173,Orienation,4.50327,Area,2465.5735134522,Perimeter,127.89187240422076
190Ellipse,CenterX,165.878,CenterY,112.01,R1,40.877,R2,0.557578,Orienation,2.71961,Area,71.56724394484,Perimeter,128.3657202026316
192Ellipse,CenterX,462.123,CenterY,4.74592,R1,41.9246,R2,1.79192,Orienation,2.49021,Area,235.89416178848,Perimeter,131.7634343909437
196Ellipse,CenterX,411.822,CenterY,457.751,R1,38.3382,R2,38.5336,Orienation,0.457603,Area,4638.7498314528,Perimeter,170.68018453379034
199Ellipse,CenterX,135.732,CenterY,315.83,R1,0.963727,R2,43.6604,Orienation,5.71618,Area,132.12085781591202,Perimeter,137.12704989709894
205Ellipse,CenterX,368.679,CenterY,422.122,R1,40.6767,R2,33.0984,Orienation,1.64875,Area,4227.4877780592,Perimeter,164.66592329481782
212Ellipse,CenterX,171.188,CenterY,192.097,R1,48.5713,R2,8.63518,Orienation,5.98279,Area,1316.98482356876,Perimeter,154.90538539957845
217Ellipse,CenterX,193.961,CenterY,359.916,R1,40.6031,R2,6.11691,Orienation,6.25082,Area,779.86769644194,Perimeter,128.93240399448015
219Ellipse,CenterX,447.825,CenterY,42.355,R1,23.7005,R2,38.6613,Orienation,5.51129,Area,2877.157321641,Perimeter,142.39163683644213
231Ellipse,CenterX,338.178,CenterY,449.087,R1,28.9898,R2,37.7786,Orienation,2.23585,Area,3438.9093429992,Perimeter,149.52570284225786
232Ellipse,CenterX,121.777,CenterY,351.517,R1,48.3547,R2,34.6948,Orienation,1.17271,Area,5267.841867058401,Perimeter,186.87369522369423
233Ellipse,CenterX,35.8415,CenterY,105.683,R1,7.81769,R2,32.3058,Orienation,2.27397,Area,793.02813095028,Perimeter,104.36809212917575
236Ellipse,CenterX,425.145,CenterY,207.539,R1,6.01857,R2,48.9987,Orienation,3.62826,Area,925.9926123972601,Perimeter,155.01222408868117
253Ellipse,CenterX,424.242,CenterY,436.504,R1,25.4021,R2,39.4577,Orienation,3.8876,Area,3147.2485052738007,Perimeter,147.35189892896707
256Ellipse,CenterX,146.792,CenterY,391.376,R1,23.0018,R2,6.1538,Orienation,2.84521,Area,444.4622172776,Perimeter,74.76577096440408
264Ellipse,CenterX,369.644,CenterY,162.832,R1,40.7831,R2,17.74,Orienation,4.95447,Area,2271.7654891599996,Perimeter,139.6494956316576
266Ellipse,CenterX,0.107303,CenterY,31.8463,R1,0.773223,R2,30.6339,Orienation,2.81861,Area,74.376665227458,Perimeter,96.2210824002391
267Ellipse,CenterX,258.115,CenterY,38.9504,R1,47.0037,R2,31.0818,Orienation,4.67914,Area,4587.4131523524,Perimeter,176.94188657343923
270Ellipse,CenterX,348.93,CenterY,144.578,R1,4.05202,R2,17.2227,Orienation,2.40894,Area,219.13031604155998,Perimeter,55.55584362609928
274Ellipse,CenterX,114.162,CenterY,68.9237,R1,27.9411,R2,30.4431,Orienation,2.7291,Area,2670.9270224274,Perimeter,129.75030958068066
275Ellipse,CenterX,294.893,CenterY,78.4714,R1,40.3322,R2,34.883,Orienation,0.445284,Area,4417.691536364001,Perimeter,167.4391580484209
279Ellipse,CenterX,253.247,CenterY,341.241,R1,35.1408,R2,34.52,Orienation,3.47967,Area,3809.0097062400005,Perimeter,154.67508129126858
280Ellipse,CenterX,276.246,CenterY,260.52,R1,22.6357,R2,46.0994,Orienation,4.61445,Area,3276.5654721412,Perimeter,161.26061761441653
285Ellipse,CenterX,199.986,CenterY,402.781,R1,14.2011,R2,47.6595,Orienation,6.27231,Area,2125.2064019130003,Perimeter,156.1530297161186
289Ellipse,CenterX,397.172,CenterY,160.917,R1,46.2536,R2,34.8519,Orienation,5.88807,Area,5061.7611433776,Perimeter,181.85047644425234
295Ellipse,CenterX,427.192,CenterY,6.44849,R1,24.8618,R2,49.5097,Orienation,3.77055,Area,3865.0268147044003,Perimeter,173.9605198786106
299Ellipse,CenterX,111.191,CenterY,319.196,R1,37.6583,R2,29.1916,Orienation,1.63523,Area,3451.8209350792,Perimeter,149.61357219834443
310Ellipse,CenterX,247.036,CenterY,485.031,R1,16.0506,R2,33.3489,Orienation,4.89734,Area,1680.7473426276001,Perimeter,116.21270620084353
312Ellipse,CenterX,18.4319,CenterY,365.827,R1,37.5008,R2,38.4488,Orienation,4.65911,Area,4527.4427833856,Perimeter,168.64519424406961
314Ellipse,CenterX,249.242,CenterY,262.298,R1,45.5763,R2,0.227219,Orienation,0.956062,Area,32.517216112458,Perimeter,143.1113604725935
319Ellipse,CenterX,497.118,CenterY,145.124,R1,42.5168,R2,6.85545,Orienation,4.3973,Area,915.2214411984002,Perimeter,135.2270621305598
320Ellipse,CenterX,212.954,CenterY,18.4201,R1,32.4267,R2,22.3335,Orienation,0.409712,Area,2273.993351973,Perimeter,123.6329332647347
321Ellipse,CenterX,46.0477,CenterY,266.237,R1,22.4242,R2,12.4231,Orienation,2.90196,Area,874.7351681227999,Perimeter,80.49542706850681
322Ellipse,CenterX,208.368,CenterY,182.691,R1,11.6975,R2,41.5623,Orienation,1.0809,Area,1526.5895133450001,Perimeter,135.5758875782467
330Ellipse,CenterX,432.491,CenterY,483.537,R1,33.8485,R2,23.8847,Orienation,6.26559,Area,2538.5683813630003,Perimeter,130.08091330004518
331Ellipse,CenterX,455.022,CenterY,384.156,R1,10.1151,R2,41.9295,Orienation,4.54383,Area,1331.740208313,Perimeter,135.43552810380405
334Ellipse,CenterX,271.712,CenterY,314.162,R1,23.4442,R2,9.48755,Orienation,2.17375,Area,698.4239818894001,Perimeter,79.41432586232533
341Ellipse,CenterX,382.552,CenterY,164.346,R1,12.8748,R2,32.0115,Orienation,1.80239,Area,1294.124813028,Perimeter,108.34122183747274
342Ellipse,CenterX,444.608,CenterY,2.33868,R1,11.64,R2,30.6619,Orienation,4.7292,Area,1120.68018024,Perimeter,102.98250831956831
349Ellipse,CenterX,138.115,CenterY,297.609,R1,5.80043,R2,23.2359,Orienation,3.91792,Area,423.20358391218,Perimeter,75.19969191396277
354Ellipse,CenterX,40.1507,CenterY,64.6184,R1,19.4479,R2,46.6079,Orienation,0.948334,Area,2846.1769442074005,Perimeter,158.57830544996523
356Ellipse,CenterX,332.117,CenterY,234.698,R1,38.1786,R2,0.0377317,Orienation,3.13036,Area,4.5233065322868,Perimeter,119.8808625453347
364Ellipse,CenterX,289.758,CenterY,87.2975,R1,30.7375,R2,13.7926,Orienation,5.4782,Area,1331.2031334500002,Perimeter,105.78723475575963
370Ellipse,CenterX,488.443,CenterY,199.849,R1,0.746979,R2,8.80626,Orienation,4.62414,Area,20.655206646015596,Perimeter,27.75095562083077
372Ellipse,CenterX,244.506,CenterY,457.973,R1,8.00752,R2,6.94941,Orienation,3.39645,Area,174.733274228448,Perimeter,33.292097237765766
373Ellipse,CenterX,288.149,CenterY,308.367,R1,34.8691,R2,42.8978,Orienation,2.53012,Area,4696.8361088572,Perimeter,173.58479430294906
375Ellipse,CenterX,367.223,CenterY,338.853,R1,27.33,R2,41.4206,Orienation,1.60645,Area,3554.5584937199997,Perimeter,155.8210566803725
378Ellipse,CenterX,192.244,CenterY,254.164,R1,1.64192,R2,41.8377,Orienation,4.33386,Area,215.69965104576002,Perimeter,131.47150536974266
381Ellipse,CenterX,175.787,CenterY,85.217,R1,22.6474,R2,20.8684,Orienation,2.94038,Area,1484.0111067824,Perimeter,96.69950267150847
385Ellipse,CenterX,368.62,CenterY,44.6712,R1,8.01573,R2,5.87695,Orienation,4.76928,Area,147.91925948979,Perimeter,31.209525878224262
390Ellipse,CenterX,300.863,CenterY,215.352,R1,1.89181,R2,7.24059,Orienation,2.79968,Area,43.011156583206,Perimeter,23.498675958427153
396Ellipse,CenterX,91.6657,CenterY,195.829,R1,16.3276,R2,38.2005,Orienation,0.765873,Area,1958.488599132,Perimeter,130.44682921224953
402Ellipse,CenterX,14.2279,CenterY,289.3,R1,3.56831,R2,27.3344,Orienation,0.267241,Area,306.26810439296,Perimeter,86.5582596804655
409Ellipse,CenterX,206.856,CenterY,228.561,R1,4.62016,R2,27.4171,Orienation,4.60337,Area,397.7481606310401,Perimeter,87.30347779979148
415Ellipse,CenterX,344.62,CenterY,72.1894,R1,7.14036,R2,17.493,Orienation,6.26181,Area,392.20583688719995,Perimeter,59.32770459734544
416Ellipse,CenterX,309.056,CenterY,452.057,R1,45.2979,R2,49.5539,Orienation,5.52255,Area,7048.3190853834,Perimeter,210.81279865262772
420Ellipse,CenterX,16.1,CenterY,368.381,R1,20.8198,R2,34.9528,Orienation,0.647052,Area,2285.0103590816,Perimeter,127.74677378273337
422Ellipse,CenterX,453.18,CenterY,375.956,R1,30.9434,R2,11.179,Orienation,4.94395,Area,1086.177083404,Perimeter,103.30857899392372
426Ellipse,CenterX,281.517,CenterY,333.463,R1,5.34782,R2,9.04565,Orienation,1.3174,Area,151.89595506662,Perimeter,32.995851902768685
428Ellipse,CenterX,65.1816,CenterY,168.475,R1,35.4787,R2,22.4435,Orienation,4.9804,Area,2500.2758788330007,Perimeter,131.8220036315259
429Ellipse,CenterX,299.823,CenterY,219.084,R1,17.5724,R2,25.087,Orienation,0.358672,Area,1384.233828232,Perimeter,96.17563254467993
433Ellipse,CenterX,251.753,CenterY,98.0809,R1,29.5257,R2,15.9943,Orienation,0.0390677,Area,1482.8427170214002,Perimeter,105.43971288345587
439Ellipse,CenterX,128.785,CenterY,174.27,R1,34.4988,R2,16.2323,Orienation,5.5075,Area,1758.3838956936002,Perimeter,119.71822968258388
440Ellipse,CenterX,116.984,CenterY,275.313,R1,39.5552,R2,4.95228,Orienation,4.29512,Area,615.08965718784,Perimeter,125.17297686569944
441Ellipse,CenterX,90.1831,CenterY,369.326,R1,49.0586,R2,12.7466,Orienation,3.6349,Area,1963.5373013864,Perimeter,159.15873108318308
442Ellipse,CenterX,441.048,CenterY,467.125,R1,22.9982,R2,34.6247,Orienation,5.49023,Area,2500.4001351956,Perimeter,130.51930597046734
451Ellipse,CenterX,171.832,CenterY,385.976,R1,35.1629,R2,24.7496,Orienation,1.89884,Area,2732.6406088976,Perimeter,135.0189863081692
452Ellipse,CenterX,479.992,CenterY,309.716,R1,13.9155,R2,30.4021,Orienation,2.34825,Area,1328.4097268070002,Perimeter,104.9872898955761
453Ellipse,CenterX,313.225,CenterY,361.312,R1,4.34773,R2,39.6966,Orienation,4.16212,Area,541.93290997452,Perimeter,125.39269912927988
457Ellipse,CenterX,422.599,CenterY,25.4345,R1,47.7557,R2,42.1467,Orienation,0.92782,Area,6320.019806136601,Perimeter,199.9997902120036
458Ellipse,CenterX,9.44166,CenterY,291.296,R1,49.141,R2,29.4821,Orienation,2.42626,Area,4549.168810954,Perimeter,179.94233217078752
460Ellipse,CenterX,391.477,CenterY,436.239,R1,4.41366,R2,18.82,Orienation,1.19653,Area,260.824354968,Perimeter,60.698140709537206
461Ellipse,CenterX,175.937,CenterY,279.812,R1,20.1954,R2,35.902,Orienation,3.97791,Area,2276.673487512,Perimeter,129.34390607432397
462Ellipse,CenterX,493.625,CenterY,317.421,R1,48.4695,R2,31.9626,Orienation,1.40042,Area,4864.523295798,Perimeter,182.30668637750782
463Ellipse,CenterX,398.35,CenterY,453.778,R1,43.4609,R2,27.674,Orienation,6.03824,Area,3776.5940123240002,Perimeter,161.7846752736015
474Ellipse,CenterX,73.1318,CenterY,79.7392,R1,29.0941,R2,43.198,Orienation,2.10919,Area,3946.373765852,Perimeter,163.5374539190429
475Ellipse,CenterX,130.265,CenterY,432.115,R1,14.1582,R2,18.2685,Orienation,2.50959,Area,812.1581008380001,Perimeter,72.5735939380406
481Ellipse,CenterX,22.2834,CenterY,466.66,R1,10.2337,R2,39.7078,Orienation,3.10075,Area,1275.9632183804001,Perimeter,128.75677096986857
482Ellipse,CenterX,187.334,CenterY,321.311,R1,6.60217,R2,35.4626,Orienation,0.900472,Area,735.16855746388,Perimeter,113.26588255156258
486Ellipse,CenterX,30.131,CenterY,24.8185,R1,4.91052,R2,31.711,Orienation,1.28191,Area,488.9529491208,Perimeter,100.75930376168286
488Ellipse,CenterX,10.5413,CenterY,274.872,R1,27.5288,R2,46.3125,Orienation,3.61051,Area,4003.272507,Perimeter,169.17236250614084
489Ellipse,CenterX,145.028,CenterY,357.923,R1,11.7023,R2,45.9801,Orienation,1.29991,Area,1689.5489820822,Perimeter,148.98012581767236
496Ellipse,CenterX,447.043,CenterY,424.81,R1,42.5357,R2,11.961,Orienation,4.39556,Area,1597.536254178,Perimeter,138.7422171979863
4Polygon,X,346.746,413.75,309.926,34.4096,346.746,Y,346.746,413.75,309.926,34.4096,346.746,Area,-41810.59616420002,Perimeter,NaN
19Polygon,X,216.812,470.948,477.327,187.539,21.7573,71.2686,216.812,Y,216.812,470.948,477.327,187.539,21.7573,71.2686,216.812,Area,-151394.73092748993,Perimeter,1650.3550043664304
20Polygon,X,82.5802,224.768,432.694,418.203,163.868,64.0237,82.5802,Y,82.5802,224.768,432.694,418.203,163.868,64.0237,82.5802,Area,-117991.62121166501,Perimeter,1497.177738010989
21Polygon,X,458.165,474.716,353.942,170.07,151.173,134.283,163.889,458.165,Y,458.165,474.716,353.942,170.07,151.173,134.283,163.889,458.165,Area,-106215.38893535,Perimeter,1344.73202996324
24Polygon,X,170.379,485.334,424.723,56.6635,43.1985,47.4816,170.379,Y,170.379,485.334,424.723,56.6635,43.1985,47.4816,170.379,Area,-160075.64178581003,Perimeter,1632.3096837232026
25Polygon,X,341.37,392.367,440.548,483.713,453.643,175.031,25.1944,54.3812,82.6794,341.37,Y,341.37,392.367,440.548,483.713,453.643,175.031,25.1944,54.3812,82.6794,341.37,Area,-164387.68529313986,Perimeter,1757.8811407532544
31Polygon,X,114.35,492.819,476.957,330.821,137.971,74.0008,60.909,114.35,Y,114.35,492.819,476.957,330.821,137.971,74.0008,60.909,114.35,Area,-118260.04896234997,Perimeter,1313.4615641501912
32Polygon,X,131.916,386.668,456.163,475.24,155.702,33.5718,131.916,Y,131.916,386.668,456.163,475.24,155.702,33.5718,131.916,Area,-136325.66055107006,Perimeter,1567.6833288812581
35Polygon,X,112.943,457.345,468.977,487.151,400.918,231.63,195.507,69.0061,112.943,Y,112.943,457.345,468.977,487.151,400.918,231.63,195.507,69.0061,112.943,Area,-149428.2087749565,Perimeter,NaN
39Polygon,X,41.1905,296.432,451.053,455.39,98.5946,26.0501,41.1905,Y,41.1905,296.432,451.053,455.39,98.5946,26.0501,41.1905,Area,-137930.41793583,Perimeter,1571.6835692268735
40Polygon,X,316.594,470.442,496.625,486.884,151.898,21.6601,23.885,62.0294,316.594,Y,316.594,470.442,496.625,486.884,151.898,21.6601,23.885,62.0294,316.594,Area,-151294.86890375012,Perimeter,1608.5900774022411
48Polygon,X,81.9841,445.061,393.228,242.653,78.4732,81.9841,Y,81.9841,445.061,393.228,242.653,78.4732,81.9841,Area,-99741.47167107,Perimeter,1273.5850017633657
49Polygon,X,18.4643,229.853,432.503,49.4958,18.4643,Y,18.4643,229.853,432.503,49.4958,18.4643,Area,-117843.7714630705,Perimeter,1452.87412601069
64Polygon,X,76.4367,446.805,380.085,85.6238,40.2407,60.5678,76.4367,Y,76.4367,446.805,380.085,85.6238,40.2407,60.5678,76.4367,Area,-102137.94911853,Perimeter,1275.8919834904802
82Polygon,X,203.35,475.471,458.955,414.462,346.124,286.524,86.5094,59.5384,203.35,Y,203.35,475.471,458.955,414.462,346.124,286.524,86.5094,59.5384,203.35,Area,-155989.0057163001,Perimeter,1636.5651383373342
86Polygon,X,11.4242,100.802,334.112,497.381,471.968,325.67,178.501,152.342,22.9856,11.4242,Y,11.4242,100.802,334.112,497.381,471.968,325.67,178.501,152.342,22.9856,11.4242,Area,-122769.13583301991,Perimeter,1606.8538547216597
90Polygon,X,291.356,369.005,488.989,493.091,231.151,34.4242,7.09501,122.493,291.356,Y,291.356,369.005,488.989,493.091,231.151,34.4242,7.09501,122.493,291.356,Area,-148036.8570302649,Perimeter,1597.5490549054366
92Polygon,X,381.113,245.449,150.669,381.113,Y,381.113,245.449,150.669,381.113,Area,-11552.765428000013,Perimeter,689.60562675186
95Polygon,X,58.5566,416.709,347.003,121.256,20.0499,58.5566,Y,58.5566,416.709,347.003,121.256,20.0499,58.5566,Area,-118260.48571657999,Perimeter,1454.1834134901912
100Polygon,X,2.63074,261.332,72.1163,2.63074,Y,2.63074,261.332,72.1163,2.63074,Area,-3265.648522259995,Perimeter,688.6249117934511
117Polygon,X,347.678,419.516,399.607,297.865,162.523,86.4844,347.678,Y,347.678,419.516,399.607,297.865,162.523,86.4844,347.678,Area,-69596.19294357995,Perimeter,1095.344135126829
122Polygon,X,7.54847,494.776,463.709,460.199,355.002,67.6039,7.54847,Y,7.54847,494.776,463.709,460.199,355.002,67.6039,7.54847,Area,-177648.578995151,Perimeter,1688.2388969906103
125Polygon,X,428.817,133.342,114.162,97.2188,428.817,Y,428.817,133.342,114.162,97.2188,428.817,Area,-54568.72664559999,Perimeter,998.4689956936809
128Polygon,X,33.2022,447.601,454.721,386.982,133.185,27.971,33.2022,Y,33.2022,447.601,454.721,386.982,133.185,27.971,33.2022,Area,-133254.55776572,Perimeter,1495.4870579319106
129Polygon,X,207.524,386.801,365.919,53.4317,207.524,Y,207.524,386.801,365.919,53.4317,207.524,Area,-59322.302882464995,Perimeter,1061.0282285788473
132Polygon,X,173.488,411.32,439.31,473.628,330.562,92.5037,24.7381,138.201,173.488,Y,173.488,411.32,439.31,473.628,330.562,92.5037,24.7381,138.201,173.488,Area,-149581.09409558494,Perimeter,1703.9830339581254
139Polygon,X,183.289,494.534,87.5763,183.289,Y,183.289,494.534,87.5763,183.289,Area,-68392.47438494003,Perimeter,1108.3981588716654
144Polygon,X,186.527,440.576,447.194,391.869,186.527,Y,186.527,440.576,447.194,391.869,186.527,Area,-51522.03271838499,Perimeter,1198.0114089137437
152Polygon,X,82.7014,496.556,457.554,225.482,53.6834,23.1356,36.4659,82.7014,Y,82.7014,496.556,457.554,225.482,53.6834,23.1356,36.4659,82.7014,Area,-117838.45677361502,Perimeter,1272.2351265095544
157Polygon,X,367.028,342.41,133.124,16.7428,130.295,152.787,367.028,Y,367.028,342.41,133.124,16.7428,130.295,152.787,367.028,Area,-91209.50363654998,Perimeter,NaN
175Polygon,X,383.039,369.846,253.179,259.111,383.039,Y,383.039,369.846,253.179,259.111,383.039,Area,-16775.328627499985,Perimeter,550.1186767934814
182Polygon,X,204.121,456.792,497.987,247.748,204.121,Y,204.121,456.792,497.987,247.748,204.121,Area,-75424.19304779998,Perimeter,1138.4063808516676
221Polygon,X,269.452,468.569,455.399,8.98025,29.9719,51.8081,269.452,Y,269.452,468.569,455.399,8.98025,29.9719,51.8081,269.452,Area,-183687.94261754633,Perimeter,1741.1165252168555
223Polygon,X,272.692,480.274,468.781,317.211,115.337,66.3838,15.1512,42.9298,166.754,272.692,Y,272.692,480.274,468.781,317.211,115.337,66.3838,15.1512,42.9298,166.754,272.692,Area,-164911.20743090005,Perimeter,1767.4445699977541
225Polygon,X,202.007,404.88,475.179,375.18,22.4362,202.007,Y,202.007,404.88,475.179,375.18,22.4362,202.007,Area,-63668.73069960001,Perimeter,1149.7761439405854
227Polygon,X,37.075,305.318,461.619,477.794,354.095,130.871,87.8071,62.7818,34.9386,37.075,Y,37.075,305.318,461.619,477.794,354.095,130.871,87.8071,62.7818,34.9386,37.075,Area,-150424.18470216007,Perimeter,1789.8173320368885
243Polygon,X,179.402,362.365,411.846,29.4183,179.402,Y,179.402,362.365,411.846,29.4183,179.402,Area,-33471.16544844999,Perimeter,711.3222275356528
246Polygon,X,283.123,420.097,250.462,142.62,34.6166,21.7409,283.123,Y,283.123,420.097,250.462,142.62,34.6166,21.7409,283.123,Area,-114528.836471565,Perimeter,1423.9152425644438
247Polygon,X,486.917,492.632,439.424,231.242,8.21827,34.9911,80.5508,186.276,332.085,486.917,Y,486.917,492.632,439.424,231.242,8.21827,34.9911,80.5508,186.276,332.085,486.917,Area,-168825.13230757005,Perimeter,NaN
248Polygon,X,199.257,496.945,333.991,209.576,110.177,104.82,199.257,Y,199.257,496.945,333.991,209.576,110.177,104.82,199.257,Area,-106220.96341274999,Perimeter,1355.426969405779
252Polygon,X,445.817,458.041,382.508,96.091,190.806,445.817,Y,445.817,458.041,382.508,96.091,190.806,445.817,Area,-100651.472289,Perimeter,1277.8674947213722
255Polygon,X,489.65,375.598,131.785,120.048,489.65,Y,489.65,375.598,131.785,120.048,489.65,Area,-79612.28172425,Perimeter,NaN
259Polygon,X,32.8245,473.319,320.325,101.797,32.8245,Y,32.8245,473.319,320.325,101.797,32.8245,Area,-81435.60925175001,Perimeter,1226.5750769257031
260Polygon,X,308.409,413.623,13.7271,120.038,253.928,308.409,Y,308.409,413.623,13.7271,120.038,253.928,308.409,Area,-96788.970954275,Perimeter,1315.945003965479
261Polygon,X,317.785,498.783,452.969,375.896,38.7357,123.435,257.032,317.785,Y,317.785,498.783,452.969,375.896,38.7357,123.435,257.032,317.785,Area,-82481.37825105008,Perimeter,NaN
263Polygon,X,277.583,492.538,482.272,470.656,377.471,15.4585,7.05511,86.4095,277.583,Y,277.583,492.538,482.272,470.656,377.471,15.4585,7.05511,86.4095,277.583,Area,-166260.43287748253,Perimeter,NaN
265Polygon,X,145.957,499.633,491.03,263.254,95.626,28.2954,145.957,Y,145.957,499.633,491.03,263.254,95.626,28.2954,145.957,Area,-122534.06460518003,Perimeter,NaN
271Polygon,X,346.854,436.13,499.906,401.249,169.881,5.77454,2.29248,27.5634,67.1746,346.854,Y,346.854,436.13,499.906,401.249,169.881,5.77454,2.29248,27.5634,67.1746,346.854,Area,-185719.04755479997,Perimeter,1824.9531667162234
273Polygon,X,88.3137,438.754,428.39,186.934,10.5914,88.3137,Y,88.3137,438.754,428.39,186.934,10.5914,88.3137,Area,-109852.36380191,Perimeter,1256.233924109759
277Polygon,X,259.754,325.475,54.4239,259.754,Y,259.754,325.475,54.4239,259.754,Area,-32636.88751188999,Perimeter,801.6927225768798
283Polygon,X,244.108,482.111,421.444,169.59,244.108,Y,244.108,482.111,421.444,169.59,244.108,Area,-55113.53915200004,Perimeter,920.8645012088298
288Polygon,X,293.265,496.95,3.52518,293.265,Y,293.265,496.95,3.52518,293.265,Area,-69485.09051433299,Perimeter,1063.8241818794656
292Polygon,X,390.856,425.113,119.46,77.9363,18.1078,22.2207,75.0104,221.499,390.856,Y,390.856,425.113,119.46,77.9363,18.1078,22.2207,75.0104,221.499,390.856,Area,-128722.95868186999,Perimeter,NaN
308Polygon,X,23.1176,340.354,413.179,470.024,273.92,39.9236,20.6446,23.1176,Y,23.1176,340.354,413.179,470.024,273.92,39.9236,20.6446,23.1176,Area,-129849.56054521995,Perimeter,1542.5237564338029
309Polygon,X,499.273,368.39,174.622,20.1315,305.886,499.273,Y,499.273,368.39,174.622,20.1315,305.886,499.273,Area,-126058.783999475,Perimeter,1484.182646259321
316Polygon,X,414.683,437.556,307.359,56.9997,74.4827,414.683,Y,414.683,437.556,307.359,56.9997,74.4827,414.683,Area,-61781.41155444,Perimeter,NaN
333Polygon,X,256.562,323.013,161.588,26.0469,141.272,256.562,Y,256.562,323.013,161.588,26.0469,141.272,256.562,Area,-63578.005590000015,Perimeter,1043.9603781816108
340Polygon,X,467.122,481.641,452.097,246.132,21.8267,1.61396,27.4747,467.122,Y,467.122,481.641,452.097,246.132,21.8267,1.61396,27.4747,467.122,Area,-188649.6014883811,Perimeter,1719.2201859617794
344Polygon,X,497.074,438.926,0.235671,44.8554,132.007,497.074,Y,497.074,438.926,0.235671,44.8554,132.007,497.074,Area,-156317.02566600248,Perimeter,1532.1438614616848
357Polygon,X,266.432,455.454,162.782,6.36635,108.124,266.432,Y,266.432,455.454,162.782,6.36635,108.124,266.432,Area,-78992.59801719502,Perimeter,1199.6880107984853
369Polygon,X,330.982,440.348,375.347,172.662,7.4011,4.75864,51.9333,330.982,Y,330.982,440.348,375.347,172.662,7.4011,4.75864,51.9333,330.982,Area,-145980.59225918786,Perimeter,1586.085060815335
376Polygon,X,71.8829,481.92,341.099,55.3113,3.56628,45.3828,71.8829,Y,71.8829,481.92,341.099,55.3113,3.56628,45.3828,71.8829,Area,-160317.47046461,Perimeter,1584.2041752180342
382Polygon,X,205.664,439.494,438.627,329.048,132.048,73.6925,125.363,205.664,Y,205.664,439.494,438.627,329.048,132.048,73.6925,125.363,205.664,Area,-129456.38919832502,Perimeter,1513.7593915191317
387Polygon,X,165.498,407.363,483.834,469.955,368.616,208.211,140.276,35.6375,165.498,Y,165.498,407.363,483.834,469.955,368.616,208.211,140.276,35.6375,165.498,Area,-138398.75826315,Perimeter,1656.3248510483625
400Polygon,X,436.307,442.076,339.071,298.001,10.1956,436.307,Y,436.307,442.076,339.071,298.001,10.1956,436.307,Area,-77654.21347309997,Perimeter,1129.9443408302122
401Polygon,X,331.913,344.354,387.272,433.195,440.821,288.441,14.6396,105.744,331.913,Y,331.913,344.354,387.272,433.195,440.821,288.441,14.6396,105.744,331.913,Area,-118588.70992729999,Perimeter,1482.5092820094073
408Polygon,X,246.777,440.484,299.746,167.865,134.253,67.6462,29.9932,246.777,Y,246.777,440.484,299.746,167.865,134.253,67.6462,29.9932,246.777,Area,-92640.58396675996,Perimeter,1286.4538112640266
410Polygon,X,242.369,457.913,367.379,225.746,2.76204,141.635,242.369,Y,242.369,457.913,367.379,225.746,2.76204,141.635,242.369,Area,-99027.19714744395,Perimeter,1536.3297883157827
412Polygon,X,157.236,258.668,364.076,35.0752,157.236,Y,157.236,258.668,364.076,35.0752,157.236,Area,-48912.91914771999,Perimeter,1077.7102291829167
417Polygon,X,319.06,468.46,107.774,319.06,Y,319.06,468.46,107.774,319.06,Area,-44725.90801799996,Perimeter,868.6821037674691
425Polygon,X,159.608,278.923,480.186,148.608,43.4995,159.608,Y,159.608,278.923,480.186,148.608,43.4995,159.608,Area,-115479.09192714999,Perimeter,1430.9022450054845
427Polygon,X,192.252,496.459,430.538,394.907,275.038,124.429,192.252,Y,192.252,496.459,430.538,394.907,275.038,124.429,192.252,Area,-103117.69548550001,Perimeter,1338.0192414493551
447Polygon,X,244.932,455.401,472.617,419.556,228.631,66.8157,244.932,Y,244.932,455.401,472.617,419.556,228.631,66.8157,244.932,Area,-122865.54903948997,Perimeter,1443.813190128653
450Polygon,X,19.8055,425.799,458.586,486.849,443.382,73.1174,24.4907,19.8055,Y,19.8055,425.799,458.586,486.849,443.382,73.1174,24.4907,19.8055,Area,-199878.79695524648,Perimeter,1874.9567609206135
467Polygon,X,77.4317,481.497,468.748,447.151,289.794,73.3509,38.792,13.2848,77.4317,Y,77.4317,481.497,468.748,447.151,289.794,73.3509,38.792,13.2848,77.4317,Area,-181812.81853480003,Perimeter,1806.876104028793
470Polygon,X,273.395,469.188,207.527,26.7926,8.94593,273.395,Y,273.395,469.188,207.527,26.7926,8.94593,273.395,Area,-140057.48435659954,Perimeter,1565.0134113623508
473Polygon,X,130.161,391.154,471.537,454.809,75.3168,42.237,83.2218,130.161,Y,130.161,391.154,471.537,454.809,75.3168,42.237,83.2218,130.161,Area,-156822.3433293139,Perimeter,1642.9729452837792
480Polygon,X,493.386,466.053,112.491,10.032,9.46125,493.386,Y,493.386,466.053,112.491,10.032,9.46125,493.386,Area,-137984.98787418753,Perimeter,1438.4228602227495
484Polygon,X,318.974,410.666,436.53,294.98,156.163,26.3598,140.692,173.507,318.974,Y,318.974,410.666,436.53,294.98,156.163,26.3598,140.692,173.507,318.974,Area,-78397.86375330003,Perimeter,NaN
491Polygon,X,371.029,481.071,492.909,470.587,72.3649,106.288,215.122,371.029,Y,371.029,481.071,492.909,470.587,72.3649,106.288,215.122,371.029,Area,-126724.09328295,Perimeter,1405.7431260324042
498Polygon,X,222.716,427.934,468.547,406.337,145.675,40.1974,34.46,56.5848,222.716,Y,222.716,427.934,468.547,406.337,145.675,40.1974,34.46,56.5848,222.716,Area,-160587.72223108,Perimeter,1771.8991562650936
